{
  "title": "Esta loja é um Progressive Web App",
  "date": "2021-04-13T18:40:00.012Z",
  "thumbnail": "/img/uploads/pwa-reliable.png",
  "description": "PWA é uma evolução híbrida entre um aplicativo e uma página web, que torna a experiência de uso de uma página web pelo celular semelhante a de um aplicativo mobile.\n\n",
  "body": "\n\n![PWA]()\n\nProgressive Web App (PWA) é uma criação da Google que permite a criação de aplicações que são um meio termo entre uma página web e um aplicativo nativo. Nosso site padrão é um PWA!\n\nCom o grande aumento de tráfego mobile, o PWA lhe dará a vantagem de ter um site como aplicativo nativo no seu celular. garantindo que você esteja por dentro de todas as novidades, promoções e lançamentos. E não fique preocupado, achando que ira encher sua caixa de notificação, você pode, a qualquer momento, silenciar as notificações de todo o site. As vantagens não param por ai, com o PWA você navegar por todo o site, mesmo que esteja sem Internet, colocar produtos no carrinho e deixar tudo pronto apenas para fazer o pagamento quando possível.\n\n **Esta sim, é uma ferramenta digna de estar na tela inicial.**",
  "meta_title": "",
  "meta_description": ""
}