{
  "meta_title": "COMCASE - Capinha personalizada - Personalize com Seu Nome - Capinha de Celular - Melhores Capinhas ✓iPhone ✓Samsung ✓Xiaomi ✓Motorola ✓Personalizada - carregador portátil - película - cabos - teclado - fone de ouvido - bluetooth - caixa de som - speak -  ",
  "meta_description": "Capas - Peliculas - Fones de ouvido - Carregadores - Power Bank Capinha de Celular - Melhores Capinhas ✓iPhone ✓Samsung ✓Xiaomi ✓Motorola ✓Personalizada - carregador portátil - película - cabos - teclado - fone de ouvido - bluetooth - caixa de som - speak -  ",
  "sections": [
    {
      "type": "banner-slider",
      "autoplay": 0,
      "slides": [
        {
          "img": "/img/uploads/rect89.webp",
          "link": "/headset",
          "alt": "Headset banner",
          "start": "2021-04-13T19:57:49.585Z",
          "end": "2020-12-31T03:00:00.000Z"
        },
        {
          "img": "/img/uploads/banner1.png",
          "alt": "Banner sample two",
          "start": "",
          "end": ""
        }
      ]
    },
    {
      "type": "info-bar",
      "enabled": true
    },
    {
      "type": "collection-shelf",
      "shuffle": true,
      "collection_id": null,
      "limit": 6,
      "page": 1,
      "sort": "lowest_price",
      "headless": false,
      "title": "Destaques"
    },
    {
      "type": "collection-shelf",
      "shuffle": false,
      "limit": 6,
      "page": 1,
      "headless": true,
      "sort": null
    },
    {
      "type": "collection-shelf",
      "shuffle": false,
      "limit": 7,
      "page": 1,
      "headless": true,
      "sort": null
    },
    {
      "type": "page-title",
      "title": "ComCase, essa é a sua marca.",
      "description": "Não existe limite para sua imaginação."
    }
  ]
}